[
  {
    "message": "yum",
    "timestamp": "2025-06-09T15:45:30.390331+00:00",
    "files": [
      {
        "filename": ".\\dd.py",
        "hash": "b44488c58d7e246defc49ab8d2e50302066bf38f"
      },
      {
        "filename": ".\\poop.py",
        "hash": "33d5c2fd2c7e3491aae6153adb04352826a43034"
      }
    ],
    "hostname": "lucas",
    "os": "windows x86_64",
    "username": "lucas"
  },
  {
    "message": "asci art complete",
    "timestamp": "2025-06-09T01:57:12.579470900+00:00",
    "files": [
      {
        "filename": ".\\asciArt.py",
        "hash": "7c6787195b94f4fa96092cbc3263062137528fe3"
      }
    ],
    "hostname": "",
    "os": "",
    "username": ""
  },
  {
    "message": "new commit",
    "timestamp": "2025-06-09T02:00:10.137214900+00:00",
    "files": [
      {
        "filename": ".\\dd.py",
        "hash": "b44488c58d7e246defc49ab8d2e50302066bf38f"
      }
    ],
    "hostname": "",
    "os": "",
    "username": ""
  },
  {
    "message": "dsds",
    "timestamp": "2025-06-09T18:07:29.062455200+00:00",
    "files": [
      {
        "filename": ".\\asciArt.py",
        "hash": "7c6787195b94f4fa96092cbc3263062137528fe3"
      }
    ],
    "hostname": "lucas",
    "os": "windows x86_64",
    "username": "lucas"
  },
  {
    "message": "dsds",
    "timestamp": "2025-06-09T16:50:59.851126800+00:00",
    "files": [
      {
        "filename": ".\\asciArt.py",
        "hash": "7c6787195b94f4fa96092cbc3263062137528fe3"
      }
    ],
    "hostname": "lucas",
    "os": "windows x86_64",
    "username": "lucas"
  },
  {
    "message": "asci art complete",
    "timestamp": "2025-06-09T01:55:18.772403600+00:00",
    "files": [
      {
        "filename": ".\\asciArt.py.txt",
        "hash": "da39a3ee5e6b4b0d3255bfef95601890afd80709"
      }
    ],
    "hostname": "",
    "os": "",
    "username": ""
  },
  {
    "message": "asci",
    "timestamp": "2025-06-09T02:04:59.759857600+00:00",
    "files": [
      {
        "filename": ".\\asciArt.py",
        "hash": "7c6787195b94f4fa96092cbc3263062137528fe3"
      }
    ],
    "hostname": "",
    "os": "",
    "username": ""
  },
  {
    "message": "dsds",
    "timestamp": "2025-06-09T16:29:38.301967+00:00",
    "files": [
      {
        "filename": ".\\poop.py",
        "hash": "33d5c2fd2c7e3491aae6153adb04352826a43034"
      }
    ],
    "hostname": "lucas",
    "os": "windows x86_64",
    "username": "lucas"
  },
  {
    "message": "dsds",
    "timestamp": "2025-06-09T17:43:10.993699100+00:00",
    "files": [
      {
        "filename": ".\\asciArt.py",
        "hash": "7c6787195b94f4fa96092cbc3263062137528fe3"
      }
    ],
    "hostname": "lucas",
    "os": "windows x86_64",
    "username": "lucas"
  },
  {
    "message": "Auto-commit: [\"requirements.txt\", \"poop.py\"]",
    "timestamp": "2025-06-09T15:32:37.170782200+00:00",
    "files": [
      {
        "filename": "requirements.txt",
        "hash": "b282c30b8158b88b445bf8a36218316c6df297fb"
      },
      {
        "filename": "poop.py",
        "hash": "33d5c2fd2c7e3491aae6153adb04352826a43034"
      }
    ],
    "hostname": "lucas",
    "os": "windows x86_64",
    "username": "lucas"
  },
  {
    "message": "dsds",
    "timestamp": "2025-06-09T18:05:20.295251500+00:00",
    "files": [
      {
        "filename": ".\\asciArt.py",
        "hash": "7c6787195b94f4fa96092cbc3263062137528fe3"
      }
    ],
    "hostname": "lucas",
    "os": "windows x86_64",
    "username": "lucas"
  }
]