{
  "tasks": [
    {
      "id": 1,
      "description": "Design a simple ASCII character animation concept",
      "completed": true,
      "difficulty": 2,
      "xp": 20,
      "completion_reason": "The provided codebase already includes a simple ASCII character animation concept for a galaxy simulator, which meets the task requirements."
    },
    {
      "id": 2,
      "description": "Create a data structure to store animation frames",
      "completed": false,
      "difficulty": 4,
      "xp": 0,
      "completion_reason": "The task was to create a data structure to store animation frames, but the provided codebase does not have any data structure specifically designed for storing animation frames. The existing code is for a galaxy simulator and it renders frames directly to the console."
    },
    {
      "id": 3,
      "description": "Implement a rendering function to display ASCII art",
      "completed": true,
      "difficulty": 6,
      "xp": 60,
      "completion_reason": "The rendering function to display ASCII art is already implemented in the provided codebase, specifically in the `render_frame` method of the `GalaxySimulator` class."
    },
    {
      "id": 4,
      "description": "Develop a timing mechanism to control animation speed",
      "completed": true,
      "difficulty": 7,
      "xp": 70,
      "completion_reason": "The codebase already includes a timing mechanism to control the animation speed, specifically in the `animate` method of the `GalaxySimulator` class, where `time.sleep(0.1)` is used to introduce a delay between frames."
    },
    {
      "id": 5,
      "description": "Integrate user input handling for interactive animation control",
      "completed": false,
      "difficulty": 8,
      "xp": 0,
      "completion_reason": "The task requires integrating user input handling for interactive animation control, but the provided code does not include any user input handling. It only runs the animation for a specified duration and exits when the user presses Ctrl+C."
    }
  ]
}